{
  "version": 3,
  "global": {
    "auto_connect": true,
    "trigger_bump_100_percent": false,
    "auto_scan_ble": true,
    "emulation_mode": "xbox360",
    "known_ble_devices": {
      "3C:A9:AB:60:22:B0/P": {
        "trigger_right_bump": 181.0,
        "stick_right_center_y": 2068.5,
        "trigger_left_base": 33.0,
        "stick_right_center_x": 2085.5,
        "stick_left_center_x": 2103.0,
        "stick_right_octagon": [
          [
            1.0,
            -0.010136624063464082
          ],
          [
            0.7298724153101628,
            0.7338034376377258
          ],
          [
            0.01803783545974483,
            1.0
          ],
          [
            -0.7316322041355038,
            0.7179374173644777
          ],
          [
            -1.0,
            -0.012780960775672102
          ],
          [
            -0.7351517817861857,
            -0.6879682679594535
          ],
          [
            -0.003959524857017158,
            -1.0
          ],
          [
            0.7589089309282886,
            -0.7390921110621419
          ]
        ],
        "stick_right_range_x": 1136.5,
        "trigger_right_max": 223.0,
        "trigger_left_bump": 185.0,
        "stick_left_octagon": [
          [
            1.0,
            -0.009159697331740343
          ],
          [
            0.7834967320261438,
            0.7275985663082437
          ],
          [
            0.01715686274509804,
            1.0
          ],
          [
            -0.7540849673202614,
            0.7029072082835524
          ],
          [
            -1.0,
            0.001991238550378335
          ],
          [
            -0.7843137254901961,
            -0.7260055754679411
          ],
          [
            0.056372549019607844,
            -0.9960175228992433
          ],
          [
            0.7508169934640523,
            -0.7769812823576264
          ]
        ],
        "trigger_right_base": 27.0,
        "stick_left_center_y": 2081.5,
        "trigger_left_max": 224.0,
        "stick_left_range_x": 1224.0,
        "stick_left_range_y": 1255.5,
        "stick_right_range_y": 1134.5
      },
      "3C:A9:AB:60:24:BF/P": {
        "trigger_left_base": 31.0,
        "trigger_right_base": 31.0,
        "trigger_right_max": 242.0,
        "stick_left_range_x": 1221.0,
        "stick_right_range_x": 1120.0,
        "stick_right_range_y": 1106.0,
        "stick_left_range_y": 1256.5,
        "stick_right_octagon": [
          [
            1.0,
            -0.028933092224231464
          ],
          [
            0.7321428571428571,
            0.7160940325497287
          ],
          [
            0.029464285714285714,
            1.0
          ],
          [
            -0.7482142857142857,
            0.7188065099457505
          ],
          [
            -1.0,
            0.037070524412296565
          ],
          [
            -0.7446428571428572,
            -0.6844484629294756
          ],
          [
            -0.014285714285714285,
            -1.0
          ],
          [
            0.78125,
            -0.7423146473779385
          ]
        ],
        "stick_left_octagon": [
          [
            1.0,
            -0.0019896538002387586
          ],
          [
            0.7592137592137592,
            0.7341822522881019
          ],
          [
            0.042588042588042586,
            1.0
          ],
          [
            -0.7616707616707616,
            0.7015519299641862
          ],
          [
            -1.0,
            -0.019498607242339833
          ],
          [
            -0.7526617526617526,
            -0.7182650218861918
          ],
          [
            -0.015561015561015561,
            -1.0
          ],
          [
            0.737919737919738,
            -0.7477118981297254
          ]
        ],
        "trigger_right_bump": 199.0,
        "trigger_left_bump": 181.0,
        "stick_right_center_x": 2151.0,
        "stick_right_center_y": 2099.0,
        "stick_left_center_y": 2053.5,
        "stick_left_center_x": 2110.0,
        "trigger_left_max": 227.0
      }
    },
    "minimize_to_tray": true
  }
}