{
  "version": 3,
  "global": {
    "emulation_mode": "xbox360",
    "minimize_to_tray": true,
    "auto_scan_ble": true,
    "trigger_bump_100_percent": false,
    "auto_connect": true,
    "known_ble_devices": {
      "3C:A9:AB:60:24:BF/P": {
        "stick_left_range_y": 1257.5,
        "trigger_right_base": 35.0,
        "stick_left_range_x": 1235.5,
        "stick_left_octagon": [
          [
            1.0,
            0.009940357852882704
          ],
          [
            0.763658437879401,
            0.7351888667992048
          ],
          [
            0.010926750303520841,
            1.0
          ],
          [
            -0.7409955483609875,
            0.6986083499005964
          ],
          [
            -1.0,
            -0.02584493041749503
          ],
          [
            -0.7628490489680292,
            -0.7161033797216699
          ],
          [
            -0.02225819506272764,
            -1.0
          ],
          [
            0.7442331040064751,
            -0.7439363817097415
          ]
        ],
        "stick_right_octagon": [
          [
            1.0,
            -0.02548055431381314
          ],
          [
            0.7498895271763146,
            0.6969155118462226
          ],
          [
            -0.009279717189571365,
            1.0
          ],
          [
            -0.7366327883340699,
            0.7085382208314707
          ],
          [
            -1.0,
            0.03442109968708091
          ],
          [
            -0.7357490057445868,
            -0.6897630755476084
          ],
          [
            0.003977021652673442,
            -1.0
          ],
          [
            0.7834732655766682,
            -0.7362539114886008
          ]
        ],
        "stick_right_range_y": 1118.5,
        "stick_right_center_x": 2148.5,
        "stick_left_center_x": 2105.5,
        "stick_right_range_x": 1131.5,
        "stick_right_center_y": 2105.5,
        "trigger_left_bump": 183.0,
        "trigger_right_max": 229.0,
        "stick_left_center_y": 2059.5,
        "trigger_left_max": 232.0,
        "trigger_left_base": 33.0,
        "trigger_right_bump": 184.0
      }
    }
  }
}