{
  "version": 3,
  "global": {
    "known_ble_devices": {
      "3C:A9:AB:60:22:B0/P": {
        "trigger_right_bump": 181.0,
        "stick_right_center_y": 2068.5,
        "trigger_left_base": 33.0,
        "stick_right_center_x": 2085.5,
        "stick_left_center_x": 2103.0,
        "stick_right_octagon": [
          [
            1.0,
            -0.010136624063464082
          ],
          [
            0.7298724153101628,
            0.7338034376377258
          ],
          [
            0.01803783545974483,
            1.0
          ],
          [
            -0.7316322041355038,
            0.7179374173644777
          ],
          [
            -1.0,
            -0.012780960775672102
          ],
          [
            -0.7351517817861857,
            -0.6879682679594535
          ],
          [
            -0.003959524857017158,
            -1.0
          ],
          [
            0.7589089309282886,
            -0.7390921110621419
          ]
        ],
        "stick_right_range_x": 1136.5,
        "trigger_right_max": 223.0,
        "trigger_left_bump": 185.0,
        "stick_left_octagon": [
          [
            1.0,
            -0.009159697331740343
          ],
          [
            0.7834967320261438,
            0.7275985663082437
          ],
          [
            0.01715686274509804,
            1.0
          ],
          [
            -0.7540849673202614,
            0.7029072082835524
          ],
          [
            -1.0,
            0.001991238550378335
          ],
          [
            -0.7843137254901961,
            -0.7260055754679411
          ],
          [
            0.056372549019607844,
            -0.9960175228992433
          ],
          [
            0.7508169934640523,
            -0.7769812823576264
          ]
        ],
        "trigger_right_base": 27.0,
        "stick_left_center_y": 2081.5,
        "trigger_left_max": 224.0,
        "stick_left_range_x": 1224.0,
        "stick_left_range_y": 1255.5,
        "stick_right_range_y": 1134.5
      }
    },
    "auto_connect": true,
    "minimize_to_tray": true,
    "auto_scan_ble": true,
    "trigger_bump_100_percent": false,
    "emulation_mode": "xbox360"
  }
}