{
  "version": 3,
  "global": {
    "known_ble_devices": {
      "3C:A9:AB:60:22:B0/P": {
        "trigger_right_base": 26.0,
        "stick_left_range_y": 1255.5,
        "stick_left_octagon": [
          [
            0.9991915925626516,
            0.03544404619673437
          ],
          [
            0.7574777687954729,
            0.7554759060135404
          ],
          [
            0.02910266774454325,
            0.9992035045798486
          ],
          [
            -0.7930476960388035,
            0.6391875746714456
          ],
          [
            -1.0,
            -0.03942652329749104
          ],
          [
            -0.788197251414713,
            -0.7299880525686977
          ],
          [
            -0.0008084074373484236,
            -1.0
          ],
          [
            0.746160064672595,
            -0.7578653922739944
          ]
        ],
        "stick_right_range_y": 1139.0,
        "trigger_left_base": 33.0,
        "trigger_left_bump": 195.0,
        "trigger_right_bump": 182.0,
        "stick_right_range_x": 1147.0,
        "stick_right_center_x": 2090.0,
        "trigger_right_max": 218.0,
        "trigger_left_max": 235.0,
        "stick_left_center_y": 2090.5,
        "stick_right_center_y": 2071.0,
        "stick_left_range_x": 1237.0,
        "stick_left_center_x": 2117.0,
        "stick_right_octagon": [
          [
            1.0,
            -0.0324846356453029
          ],
          [
            0.7175239755884917,
            0.7287093942054433
          ],
          [
            -0.02005231037489102,
            1.0
          ],
          [
            -0.7462946817785527,
            0.7146619841966637
          ],
          [
            -1.0,
            -0.02370500438981563
          ],
          [
            -0.6809067131647777,
            -0.7208077260755048
          ],
          [
            -0.0034873583260680036,
            -1.0
          ],
          [
            0.7489102005231038,
            -0.7515364354697103
          ]
        ]
      }
    },
    "emulation_mode": "xbox360",
    "trigger_bump_100_percent": false,
    "minimize_to_tray": true,
    "auto_connect": true,
    "auto_scan_ble": true
  }
}