{
  "version": 2,
  "global": {
    "trigger_bump_100_percent": false,
    "emulation_mode": "xbox360",
    "auto_connect": true
  },
  "slots": {
    "0": {
      "trigger_left_base": 29.0,
      "trigger_left_bump": 177.0,
      "trigger_left_max": 226.0,
      "trigger_right_base": 33.0,
      "trigger_right_bump": 201.0,
      "trigger_right_max": 241.0,
      "stick_left_center_x": 2110.5,
      "stick_left_range_x": 1225.5,
      "stick_left_center_y": 2058.0,
      "stick_left_range_y": 1255.0,
      "stick_right_center_x": 2152.0,
      "stick_right_range_x": 1136.0,
      "stick_right_center_y": 2104.5,
      "stick_right_range_y": 1109.5,
      "preferred_device_path": "1-1:1.0",
      "connection_mode": "ble",
      "preferred_ble_address": "3C:A9:AB:60:24:BF",
      "stick_left_octagon": [
        [
          1.0,
          0.00796812749003984
        ],
        [
          0.7609139126886985,
          0.7378486055776893
        ],
        [
          0.044471644226846185,
          1.0
        ],
        [
          -0.7470420236638107,
          0.7107569721115538
        ],
        [
          -1.0,
          -0.019123505976095617
        ],
        [
          -0.769889840881273,
          -0.7147410358565737
        ],
        [
          -0.025703794369645042,
          -1.0
        ],
        [
          0.7307221542227662,
          -0.750597609561753
        ]
      ],
      "stick_right_octagon": [
        [
          1.0,
          -0.015772870662460567
        ],
        [
          0.7183098591549296,
          0.715187021180712
        ],
        [
          -0.0035211267605633804,
          1.0
        ],
        [
          -0.7376760563380281,
          0.7088778729157278
        ],
        [
          -1.0,
          0.030193780982424517
        ],
        [
          -0.7455985915492958,
          -0.6917530419107706
        ],
        [
          -0.0017605633802816902,
          -1.0
        ],
        [
          0.7632042253521126,
          -0.7422262280306444
        ]
      ]
    },
    "1": {
      "trigger_left_base": 32.0,
      "trigger_left_bump": 190.0,
      "trigger_left_max": 230.0,
      "trigger_right_base": 32.0,
      "trigger_right_bump": 190.0,
      "trigger_right_max": 230.0,
      "stick_left_center_x": 2048,
      "stick_left_range_x": 2048,
      "stick_left_center_y": 2048,
      "stick_left_range_y": 2048,
      "stick_right_center_x": 2048,
      "stick_right_range_x": 2048,
      "stick_right_center_y": 2048,
      "stick_right_range_y": 2048,
      "preferred_device_path": "",
      "connection_mode": "ble",
      "preferred_ble_address": "3C:A9:AB:60:24:BF",
      "stick_left_octagon": null,
      "stick_right_octagon": null
    },
    "2": {
      "trigger_left_base": 32.0,
      "trigger_left_bump": 190.0,
      "trigger_left_max": 230.0,
      "trigger_right_base": 32.0,
      "trigger_right_bump": 190.0,
      "trigger_right_max": 230.0,
      "stick_left_center_x": 2048,
      "stick_left_range_x": 2048,
      "stick_left_center_y": 2048,
      "stick_left_range_y": 2048,
      "stick_right_center_x": 2048,
      "stick_right_range_x": 2048,
      "stick_right_center_y": 2048,
      "stick_right_range_y": 2048,
      "preferred_device_path": "",
      "connection_mode": "usb",
      "preferred_ble_address": "",
      "stick_left_octagon": null,
      "stick_right_octagon": null
    },
    "3": {
      "trigger_left_base": 32.0,
      "trigger_left_bump": 190.0,
      "trigger_left_max": 230.0,
      "trigger_right_base": 32.0,
      "trigger_right_bump": 190.0,
      "trigger_right_max": 230.0,
      "stick_left_center_x": 2048,
      "stick_left_range_x": 2048,
      "stick_left_center_y": 2048,
      "stick_left_range_y": 2048,
      "stick_right_center_x": 2048,
      "stick_right_range_x": 2048,
      "stick_right_center_y": 2048,
      "stick_right_range_y": 2048,
      "preferred_device_path": "",
      "connection_mode": "usb",
      "preferred_ble_address": "",
      "stick_left_octagon": null,
      "stick_right_octagon": null
    }
  }
}